{"cameraMode":{"drawMode":0,"name":"Shaded","section":"Shading Mode"},"sceneLighting":false,"audioPlay":false,"sceneViewState":{"m_AlwaysRefresh":true,"showFog":true,"showSkybox":false,"showFlares":true,"showImageEffects":true,"showParticleSystems":true,"showVisualEffectGraphs":true,"m_FxEnabled":true},"in2DMode":false,"pivot":{"x":3.9735188484191896,"y":1.3772145509719849,"z":-2.160210371017456},"rotation":{"x":-0.012459260411560536,"y":-0.9079344868659973,"z":0.025640642270445825,"w":-0.41867339611053469},"size":4.980978012084961,"orthographic":false}