{"cameraMode":{"drawMode":0,"name":"Shaded","section":"Shading Mode"},"sceneLighting":false,"audioPlay":false,"sceneViewState":{"m_AlwaysRefresh":false,"showFog":true,"showSkybox":false,"showFlares":true,"showImageEffects":true,"showParticleSystems":true,"showVisualEffectGraphs":true,"m_FxEnabled":true},"in2DMode":false,"pivot":{"x":1.1243430376052857,"y":0.5953224897384644,"z":-17.699302673339845},"rotation":{"x":-0.0002938125398941338,"y":0.9996223449707031,"z":0.008688582107424736,"w":0.02999255806207657},"size":9.841897010803223,"orthographic":false}