{"cameraMode":{"drawMode":0,"name":"Shaded","section":"Shading Mode"},"sceneLighting":false,"audioPlay":false,"sceneViewState":{"m_AlwaysRefresh":true,"showFog":true,"showSkybox":false,"showFlares":true,"showImageEffects":true,"showParticleSystems":true,"showVisualEffectGraphs":true,"m_FxEnabled":true},"in2DMode":false,"pivot":{"x":-0.5772188901901245,"y":0.05415661260485649,"z":0.128183051943779},"rotation":{"x":-0.0009275388438254595,"y":-0.6307531595230103,"z":-0.0007455080631189048,"w":0.776002824306488},"size":0.4243471026420593,"orthographic":false}