{"cameraMode":{"drawMode":0,"name":"Shaded","section":"Shading Mode"},"sceneLighting":false,"audioPlay":false,"sceneViewState":{"m_AlwaysRefresh":false,"showFog":true,"showSkybox":false,"showFlares":true,"showImageEffects":true,"showParticleSystems":true,"showVisualEffectGraphs":true,"m_FxEnabled":false},"in2DMode":false,"pivot":{"x":-3.8819494247436525,"y":11.99362564086914,"z":-30.55111312866211},"rotation":{"x":0.2323857694864273,"y":0.08739876747131348,"z":-0.02097228728234768,"w":0.9684680700302124},"size":0.00001705724025669042,"orthographic":false}