{"cameraMode":{"drawMode":0,"name":"Shaded","section":"Shading Mode"},"sceneLighting":false,"audioPlay":false,"sceneViewState":{"m_AlwaysRefresh":false,"showFog":true,"showSkybox":false,"showFlares":true,"showImageEffects":true,"showParticleSystems":true,"showVisualEffectGraphs":true,"m_FxEnabled":true},"in2DMode":false,"pivot":{"x":0.09618601202964783,"y":0.02382493019104004,"z":0.19548600912094117},"rotation":{"x":0.20011575520038606,"y":0.11141720414161682,"z":-0.022910473868250848,"w":0.9731515645980835},"size":1.1364818811416627,"orthographic":false}