{"cameraMode":{"drawMode":0,"name":"Shaded","section":"Shading Mode"},"sceneLighting":false,"audioPlay":false,"sceneViewState":{"m_AlwaysRefresh":true,"showFog":true,"showSkybox":false,"showFlares":true,"showImageEffects":true,"showParticleSystems":true,"showVisualEffectGraphs":true,"m_FxEnabled":true},"in2DMode":false,"pivot":{"x":-0.5231751203536987,"y":1.188277006149292,"z":0.8563349843025208},"rotation":{"x":-0.1244807168841362,"y":-0.011307227425277233,"z":0.001443473156541586,"w":-0.9921844005584717},"size":2.5527143478393556,"orthographic":false}