{"cameraMode":{"drawMode":0,"name":"Shaded","section":"Shading Mode"},"sceneLighting":false,"audioPlay":false,"sceneViewState":{"m_AlwaysRefresh":false,"showFog":false,"showSkybox":false,"showFlares":false,"showImageEffects":false,"showParticleSystems":false,"showVisualEffectGraphs":true,"m_FxEnabled":true},"in2DMode":false,"pivot":{"x":-0.0003579258918762207,"y":0.5704441070556641,"z":0.007194027304649353},"rotation":{"x":-0.03066537342965603,"y":0.7352155447006226,"z":-0.03333460912108421,"w":-0.6763210892677307},"size":0.8520980477333069,"orthographic":false}