{"cameraMode":{"drawMode":0,"name":"Shaded","section":"Shading Mode"},"sceneLighting":false,"audioPlay":false,"sceneViewState":{"m_AlwaysRefresh":true,"showFog":true,"showSkybox":false,"showFlares":true,"showImageEffects":true,"showParticleSystems":true,"showVisualEffectGraphs":true,"m_FxEnabled":true},"in2DMode":false,"pivot":{"x":-0.48426708579063418,"y":-0.119387187063694,"z":-0.03296782448887825},"rotation":{"x":0.05426904559135437,"y":-0.7301943898200989,"z":0.05840525031089783,"w":0.6785929203033447},"size":0.45280954241752627,"orthographic":false}