{"cameraMode":{"drawMode":0,"name":"Shaded","section":"Shading Mode"},"sceneLighting":false,"audioPlay":false,"sceneViewState":{"m_AlwaysRefresh":true,"showFog":true,"showSkybox":false,"showFlares":true,"showImageEffects":true,"showParticleSystems":true,"showVisualEffectGraphs":true,"m_FxEnabled":true},"in2DMode":false,"pivot":{"x":-0.08692812919616699,"y":5.728707790374756,"z":-0.12090080976486206},"rotation":{"x":0.03169301897287369,"y":-0.9663384556770325,"z":0.1463550180196762,"w":0.20928870141506196},"size":5.9312262535095219,"orthographic":false}