{"cameraMode":{"drawMode":0,"name":"Shaded","section":"Shading Mode"},"sceneLighting":false,"audioPlay":false,"sceneViewState":{"m_AlwaysRefresh":true,"showFog":true,"showSkybox":false,"showFlares":true,"showImageEffects":true,"showParticleSystems":true,"showVisualEffectGraphs":true,"m_FxEnabled":true},"in2DMode":false,"pivot":{"x":0.28168582916259768,"y":3.6804144382476808,"z":0.17208576202392579},"rotation":{"x":0.15402671694755555,"y":0.6704667806625366,"z":-0.14522795379161836,"w":0.7111009359359741},"size":9.6703462600708,"orthographic":false}