{"cameraMode":{"drawMode":0,"name":"Shaded","section":"Shading Mode"},"sceneLighting":false,"audioPlay":false,"sceneViewState":{"m_AlwaysRefresh":false,"showFog":true,"showSkybox":false,"showFlares":true,"showImageEffects":true,"showParticleSystems":true,"showVisualEffectGraphs":true,"m_FxEnabled":true},"in2DMode":false,"pivot":{"x":0.21558114886283875,"y":-0.4513344168663025,"z":1.0150245428085328},"rotation":{"x":0.20011575520038606,"y":0.11141720414161682,"z":-0.022910473868250848,"w":0.9731515645980835},"size":0.6458470821380615,"orthographic":false}