{"cameraMode":{"drawMode":0,"name":"Shaded","section":"Shading Mode"},"sceneLighting":false,"audioPlay":false,"sceneViewState":{"m_AlwaysRefresh":true,"showFog":true,"showSkybox":false,"showFlares":true,"showImageEffects":true,"showParticleSystems":true,"showVisualEffectGraphs":true,"m_FxEnabled":true},"in2DMode":false,"pivot":{"x":0.025002479553222657,"y":1.4499982595443726,"z":-0.004403114318847656},"rotation":{"x":-0.0741467997431755,"y":0.9256197810173035,"z":-0.2730036973953247,"w":-0.25139501690864565},"size":2.6282124519348146,"orthographic":false}