{"cameraMode":{"drawMode":0,"name":"Shaded","section":"Shading Mode"},"sceneLighting":false,"audioPlay":false,"sceneViewState":{"m_AlwaysRefresh":true,"showFog":true,"showSkybox":false,"showFlares":true,"showImageEffects":true,"showParticleSystems":true,"showVisualEffectGraphs":true,"m_FxEnabled":true},"in2DMode":false,"pivot":{"x":0.1023954451084137,"y":0.15337932109832765,"z":-0.3857980966567993},"rotation":{"x":-0.006457663141191006,"y":0.9330397248268127,"z":-0.3595525622367859,"w":-0.018150102347135545},"size":1.1382797956466675,"orthographic":false}