{"cameraMode":{"drawMode":0,"name":"Shaded","section":"Shading Mode"},"sceneLighting":false,"audioPlay":false,"sceneViewState":{"m_AlwaysRefresh":true,"showFog":true,"showSkybox":false,"showFlares":true,"showImageEffects":true,"showParticleSystems":true,"showVisualEffectGraphs":true,"m_FxEnabled":true},"in2DMode":false,"pivot":{"x":0.30744755268096926,"y":0.42395496368408205,"z":-0.21780039370059968},"rotation":{"x":0.028843354433774949,"y":-0.7067320346832275,"z":0.02885475754737854,"w":0.7063173055648804},"size":1.2365033626556397,"orthographic":false}