{"cameraMode":{"drawMode":0,"name":"Shaded","section":"Shading Mode"},"sceneLighting":false,"audioPlay":false,"sceneViewState":{"m_AlwaysRefresh":true,"showFog":true,"showSkybox":false,"showFlares":true,"showImageEffects":true,"showParticleSystems":true,"showVisualEffectGraphs":true,"m_FxEnabled":true},"in2DMode":false,"pivot":{"x":0.021860845386981965,"y":0.122126504778862,"z":0.11444681882858277},"rotation":{"x":0.24079358577728272,"y":0.11066082864999771,"z":-0.027641570195555688,"w":0.963863730430603},"size":0.18381620943546296,"orthographic":false}