{"cameraMode":{"drawMode":0,"name":"Shaded","section":"Shading Mode"},"sceneLighting":false,"audioPlay":false,"sceneViewState":{"m_AlwaysRefresh":true,"showFog":true,"showSkybox":false,"showFlares":true,"showImageEffects":true,"showParticleSystems":true,"showVisualEffectGraphs":true,"m_FxEnabled":true},"in2DMode":false,"pivot":{"x":-0.00010482966899871826,"y":0.11157286912202835,"z":-0.16158486902713777},"rotation":{"x":0.18680891394615174,"y":-0.678374707698822,"z":0.1846892088651657,"w":0.6861619353294373},"size":0.29544079303741457,"orthographic":false}