{"cameraMode":{"drawMode":0,"name":"Shaded","section":"Shading Mode"},"sceneLighting":false,"audioPlay":false,"sceneViewState":{"m_AlwaysRefresh":true,"showFog":true,"showSkybox":false,"showFlares":true,"showImageEffects":true,"showParticleSystems":true,"showVisualEffectGraphs":true,"m_FxEnabled":true},"in2DMode":false,"pivot":{"x":0.17520630359649659,"y":0.21316827833652497,"z":-0.18166249990463258},"rotation":{"x":-0.1663319170475006,"y":0.30449169874191286,"z":-0.05408887565135956,"w":-0.9363241195678711},"size":0.1809668242931366,"orthographic":false}