{"cameraMode":{"drawMode":0,"name":"Shaded","section":"Shading Mode"},"sceneLighting":false,"audioPlay":false,"sceneViewState":{"m_AlwaysRefresh":false,"showFog":true,"showSkybox":false,"showFlares":true,"showImageEffects":true,"showParticleSystems":true,"showVisualEffectGraphs":true,"m_FxEnabled":true},"in2DMode":false,"pivot":{"x":0.891694188117981,"y":2.3192174434661867,"z":-1.9220744371414185},"rotation":{"x":-0.0027754546608775856,"y":0.9733828902244568,"z":-0.22925423085689546,"w":-0.011684580706059933},"size":14.414993286132813,"orthographic":false}