{"cameraMode":{"drawMode":0,"name":"Shaded","section":"Shading Mode"},"sceneLighting":false,"audioPlay":false,"sceneViewState":{"m_AlwaysRefresh":true,"showFog":true,"showSkybox":false,"showFlares":true,"showImageEffects":true,"showParticleSystems":true,"showVisualEffectGraphs":true,"m_FxEnabled":true},"in2DMode":false,"pivot":{"x":-1.0400029420852662,"y":0.3331531882286072,"z":-0.055399149656295779},"rotation":{"x":-0.039177440106868747,"y":-0.7286544442176819,"z":0.041785985231399539,"w":-0.6825140118598938},"size":0.30238136649131777,"orthographic":false}