{"cameraMode":{"drawMode":0,"name":"Shaded","section":"Shading Mode"},"sceneLighting":false,"audioPlay":false,"sceneViewState":{"m_AlwaysRefresh":true,"showFog":true,"showSkybox":false,"showFlares":true,"showImageEffects":true,"showParticleSystems":true,"showVisualEffectGraphs":true,"m_FxEnabled":true},"in2DMode":false,"pivot":{"x":0.002512127161026001,"y":0.08677922189235687,"z":-0.019340693950653077},"rotation":{"x":-0.1663319170475006,"y":0.30449169874191286,"z":-0.05408887565135956,"w":-0.9363241195678711},"size":0.33924242854118349,"orthographic":false}