{"cameraMode":{"drawMode":0,"name":"Shaded","section":"Shading Mode"},"sceneLighting":false,"audioPlay":false,"sceneViewState":{"m_AlwaysRefresh":true,"showFog":true,"showSkybox":false,"showFlares":true,"showImageEffects":true,"showParticleSystems":true,"showVisualEffectGraphs":true,"m_FxEnabled":true},"in2DMode":false,"pivot":{"x":-0.40363389253616335,"y":0.6607117652893066,"z":-0.6078229546546936},"rotation":{"x":0.4767903983592987,"y":0.08415400236845017,"z":-0.04589403048157692,"w":0.8737931847572327},"size":0.767490029335022,"orthographic":false}