{"cameraMode":{"drawMode":0,"name":"Shaded","section":"Shading Mode"},"sceneLighting":false,"audioPlay":false,"sceneViewState":{"m_AlwaysRefresh":true,"showFog":true,"showSkybox":false,"showFlares":true,"showImageEffects":true,"showParticleSystems":true,"showVisualEffectGraphs":true,"m_FxEnabled":true},"in2DMode":false,"pivot":{"x":0.3090779781341553,"y":5.969118118286133,"z":0.035443782806396487},"rotation":{"x":0.03169301897287369,"y":-0.9663384556770325,"z":0.1463550180196762,"w":0.20928870141506196},"size":7.814459800720215,"orthographic":false}